input,target
read,I like to read books.
read,Can you read this story?
read,Read a letter with me.
rectangle,A door is a rectangle.
rectangle,Draw a rectangle on the paper.
rectangle,A rectangle has four sides.
remember,Remember to bring your bag.
remember,I remember my friend's name.
remember,Can you remember this song?
remote_control,Use the remote control for the TV.
remote_control,The remote control is on the sofa.
remote_control,Can you find the remote control?
remote,I use the remote for the TV.
remote,The remote is on the table.
remote,Can you find the remote?
residence,This is my residence.
residence,We live in a big residence.
residence,The residence has a door.
restaurant,We eat at the restaurant.
restaurant,The restaurant has pizza.
restaurant,Let’s go to the restaurant.
rest,I need to rest.
rest,Let’s rest on the bed.
rest,Rest makes me feel better.
return,Please return my toy.
return,I return home after school.
return,Return the book to the shelf.
rhombus,A rhombus has four sides.
rhombus,Draw a rhombus.
rhombus,The shape is a rhombus.
ride_a_bike,I can ride a bike.
ride_a_bike,Let’s ride a bike outside.
ride_a_bike,She rides a bike fast.
ring,This is a ring.
ring,Mom wears a ring.
ring,The ring is shiny.
rinse,Rinse your hands.
rinse,I rinse my mouth.
rinse,"Rinse the cup, please."
river,The river is long.
river,Fish swim in the river.
river,We walk by the river.
rocket,The rocket goes up.
rocket,I see a rocket.
rocket,The rocket is fast.
root,The tree has roots.
root,Roots are under the ground.
root,I see a root.
rose,This is a rose.
rose,The rose is red.
rose,I smell the rose.
route,This is the route.
route,We follow the route.
route,The route is long.
rub,Rub your hands.
rub,I rub my eyes.
rub,Rub the soap on your skin.
rucksack,I have a rucksack.
rucksack,The rucksack is blue.
rucksack,Put books in the rucksack.
run,I run fast.
run,Let’s run outside.
run,She can run.
russian_salad,This is Russian salad.
russian_salad,I eat Russian salad.
russian_salad,Russian salad is tasty.
sad,I feel sad.
sad,She looks sad.
sad,The dog is sad.
saint_george,Today is Saint George’s day.
saint_george,We read about Saint George.
saint_george,Saint George is brave.
saint_john_s_day,It is Saint John's Day.
saint_john_s_day,We celebrate Saint John's Day.
saint_john_s_day,Saint John's Day is fun.
salad,This is a salad.
salad,I like to eat salad.
salad,The salad is green.
salty,The chips are salty.
salty,This soup is salty.
salty,I taste something salty.
salt,Please pass the salt.
salt,Salt is white.
salt,I put salt on my food.
sandwich,I eat a sandwich.
sandwich,The sandwich has cheese.
sandwich,She likes her sandwich.
saturday,Today is Saturday.
saturday,I play on Saturday.
saturday,Saturday is my favorite day.
sausages,I like sausages.
sausages,Sausages are for breakfast.
sausages,The sausages are hot.
sausage,This is a sausage.
sausage,I eat a sausage.
sausage,The sausage is tasty.
say,Say hello to your friend.
say,Can you say my name?
say,I say thank you.
scared,I feel scared.
scared,The cat is scared.
scared,She is scared of the dark.
scarf,I wear a scarf.
scarf,The scarf is warm.
scarf,My scarf is red.
schoolteacher,My schoolteacher is nice.
schoolteacher,The schoolteacher helps me.
schoolteacher,I listen to my schoolteacher.
schoolyard,We play in the schoolyard.
schoolyard,The schoolyard is big.
schoolyard,I run in the schoolyard.
school,I go to school.
school,School starts at eight.
school,My school is close.
science,I like science class.
science,We learn science at school.
science,Science is fun.
scissors,I use scissors to cut.
scissors,Be careful with scissors.
scissors,The scissors are sharp.
seal,The seal swims in the sea.
seal,I saw a seal at the zoo.
seal,The seal claps its flippers.
search,Let’s search for my toy.
search,I search for my shoes.
search,Can you search with me?
sea,The sea is blue.
sea,We swim in the sea.
sea,Fish live in the sea.
see,I see a bird.
see,Can you see me?
see,We see the sun.
sell,I want to sell my toy.
sell,They sell apples at the shop.
sell,She will sell lemonade.
september,September is a month.
september,School starts in September.
september,My birthday is in September.
sew,Grandma can sew a dress.
sew,I want to sew a button.
sew,She likes to sew clothes.
shampoo,I wash my hair with shampoo.
shampoo,The shampoo smells nice.
shampoo,Please use shampoo in the bath.
shapes,I see many shapes.
shapes,Circle is a shape.
shapes,Can you draw shapes?
share,I share my toys.
share,Please share your snack.
share,We share with friends.
sheep,The sheep is white.
sheep,I see sheep in the field.
sheep,Sheep say baa.
shell,I found a shell on the beach.
shell,The shell is pretty.
shell,Put the shell in your pocket.
shirt,My shirt is blue.
shirt,I wear a shirt to school.
shirt,The shirt is clean.
shoes,Put on your shoes.
shoes,My shoes are new.
shoes,These shoes are big.
shop,We go to the shop.
shop,The shop sells candy.
shop,I see a shop on the street.
short,The pencil is short.
short,He wears short pants.
short,My hair is short.
shout,Please do not shout.
shout,He can shout very loud.
shout,I shout for help.
showers,I take showers every day.
showers,Showers make me clean.
showers,We have showers at home.
show,I watch a show on TV.
show,The show is funny.
show,Let’s go to the puppet show.
silver,The spoon is silver.
silver,I see a silver coin.
silver,She wears a silver ring.
sing,I like to sing.
sing,Let’s sing a song.
sing,She can sing well.
sister,I have a sister.
sister,My sister is little.
sister,Sister plays with me.
sit,Please sit down.
sit,I sit on the chair.
sit,Let’s sit together.
skin,My skin is soft.
skin,Skin covers my body.
skin,She has light skin.
skirt,She wears a skirt.
skirt,The skirt is red.
skirt,I like my new skirt.
ski,I want to ski.
ski,He can ski fast.
ski,Ski down the hill.
slalom,Slalom is a ski race.
slalom,She races in slalom.
slalom,Slalom is fun to watch.
sledge,We ride a sledge.
sledge,The sledge slides on snow.
sledge,I like the red sledge.
sleeping_bag,I sleep in a sleeping bag.
sleeping_bag,The sleeping bag is warm.
sleeping_bag,Take your sleeping bag camping.
sleep,I need to sleep.
sleep,Sleep early at night.
sleep,Sleep helps me grow.
slim,The cat is slim.
slim,He has a slim book.
slim,The tree is slim.
slow,The turtle is slow.
slow,Walk slow and safe.
slow,"Slow down, please."
small,I have a small toy.
small,The dog is small.
small,Small things are cute.
smell,I smell the flower.
smell,The food smells good.
smell,Can you smell this?
smooth,The rock is smooth.
smooth,Smooth skin feels nice.
smooth,I like smooth paper.
snail,The snail moves slowly.
snail,I see a snail outside.
snail,The snail has a shell.
snakes_and_ladders,We play snakes and ladders.
snakes_and_ladders,Snakes and ladders is fun.
snakes_and_ladders,I won at snakes and ladders.
snake,The snake is long.
snake,Snakes live in the grass.
snake,I saw a snake today.
snow,Snow is cold.
snow,We play in the snow.
snow,Snow covers the ground.
soap,Use soap to wash hands.
soap,Soap makes bubbles.
soap,The soap smells nice.
soccer,I like to play soccer.
soccer,Soccer is a fun game.
soccer,We kick the soccer ball.
socks,I wear socks every day.
socks,My socks are clean.
socks,Put on your socks.
sofa,I sit on the sofa.
sofa,The sofa is soft.
sofa,The sofa is big.
soft,The pillow is soft.
soft,Soft toys are nice.
soft,I like soft blankets.
sorry,I say sorry to my friend.
sorry,Sorry if I made you sad.
sorry,She says sorry to her mom.
soup,The soup is hot.
soup,I eat soup with a spoon.
soup,Mom made chicken soup.
speak,I can speak loudly.
speak,She speaks to her teacher.
speak,Please speak slowly.
speech_therapy,I go to speech therapy.
speech_therapy,Speech therapy helps me talk.
speech_therapy,My friend goes to speech therapy.
spider,The spider spins a web.
spider,I see a spider on the wall.
spider,Spiders have eight legs.
spiral_shaped_pastry,This is a spiral shaped pastry.
spiral_shaped_pastry,I like spiral shaped pastry.
spiral_shaped_pastry,The pastry looks like a spiral.
sponge,The sponge is soft and yellow.
sponge,I use a sponge to clean.
sponge,The sponge soaks up water.
spoon,I eat with a spoon.
spoon,The spoon is shiny.
spoon,"Give me a spoon, please."
sport,Soccer is a sport.
sport,I like to play sport.
sport,We do sport at school.
spring,Spring is a season.
spring,Flowers bloom in spring.
spring,Spring is warm and nice.
squared,The paper is squared.
squared,I draw on squared paper.
squared,Squared shapes are neat.
square,A square has four sides.
square,Draw a big square.
square,The box is a square.
squirrel,The squirrel climbs the tree.
squirrel,I see a squirrel in the park.
squirrel,Squirrels eat nuts.
stairs,Go up the stairs.
stairs,The stairs are long.
stairs,I walk down the stairs.
stamps,I collect stamps.
stamps,Put a stamp on the letter.
stamps,The stamp is colorful.
stand,Please stand up.
stand,I stand on the floor.
stand,Stand next to me.
steal_the_bacon,We play steal the bacon.
steal_the_bacon,Steal the bacon is a game.
steal_the_bacon,I run fast in steal the bacon.
stick,I found a stick.
stick,The dog likes the stick.
stick,Draw with a stick in the sand.
stop,Please stop running.
stop,Stop and look both ways.
stop,I stop at the red light.
straighten,Straighten your back.
straighten,I straighten my shirt.
straighten,Please straighten the line.
strawberry,I like strawberry jam.
strawberry,The strawberry is red.
strawberry,She eats a strawberry.
street,I live on this street.
street,The street is busy.
street,Cross the street carefully.
stretcher,The doctor uses a stretcher.
stretcher,He lies on the stretcher.
stretcher,The stretcher has wheels.
stripy,My shirt is stripy.
stripy,The cat has stripy fur.
stripy,I see a stripy sock.
stroll,We take a stroll in the park.
stroll,Let’s stroll after lunch.
stroll,I stroll with my mom.
strong,Dad is strong.
strong,I want to be strong.
strong,The wind is strong today.
study,I study every day.
study,She studies at her desk.
study,Let’s study together.
success,You did it! That is success.
success,Success makes me happy.
success,Success means you win.
sugar,Sugar is sweet.
sugar,I put sugar in my tea.
sugar,Don’t eat too much sugar.
summer,Summer is hot.
summer,We swim in summer.
summer,Summer is my favorite season.
sunday,Sunday is a holiday.
sunday,I rest on Sunday.
sunday,Sunday comes after Saturday.
sun,The sun is bright.
sun,I see the sun in the sky.
sun,The sun gives us light.
support,I give support to my friend.
support,Support helps everyone.
support,We all need support.
surgical_gloves,Wear surgical gloves to stay clean.
surgical_gloves,Surgical gloves are in the box.
surgical_gloves,Put on surgical gloves before helping.
surprised,I feel surprised.
surprised,The noise made me surprised.
surprised,Surprised faces look funny.
sweet,Candy is sweet.
sweet,I like sweet apples.
sweet,The cake tastes sweet.
swimming_pool,I swim in the swimming pool.
swimming_pool,The swimming pool is blue.
swimming_pool,Let’s go to the swimming pool.
swimsuit,I wear a swimsuit to swim.
swimsuit,The swimsuit is new.
swimsuit,Put on your swimsuit.
swim,I swim in the water.
swim,Swimming is fun.
swim,Let’s swim together.
swing,I like the swing.
swing,The swing goes back and forth.
swing,Let’s play on the swing.
switch,Turn on the light switch.
switch,The switch is on the wall.
switch,Flip the switch to start.
synagogue,We visit the synagogue.
synagogue,The synagogue is quiet.
synagogue,People pray in the synagogue.
tablet,I play games on a tablet.
tablet,The tablet is on the table.
tablet,A tablet can show pictures.
table,The table is round.
table,We eat at the table.
table,Put your book on the table.
take,Take your bag.
take,I take a cookie.
take,"Take a seat, please."
tale,I like to hear a tale.
tale,This tale is funny.
tale,Tell me a tale.
tall,The tree is tall.
tall,I see a tall building.
tall,The giraffe is tall.
tambourine,The tambourine makes music.
tambourine,Shake the tambourine.
tambourine,I play the tambourine.
teatime,It is teatime now.
teatime,We have snacks at teatime.
teatime,Teatime is in the afternoon.
teeth,Brush your teeth.
teeth,Teeth help us eat.
teeth,My teeth are white.
telephone,The telephone is ringing.
telephone,I talk on the telephone.
telephone,Pick up the telephone.
television,The television is on.
television,I watch cartoons on television.
television,Turn off the television.
thanks,Thanks for your help.
thanks,I say thanks to everyone.
thanks,Thanks makes people happy.
theatre,We go to the theatre.
theatre,The theatre is big.
theatre,I watch a play at the theatre.
thermometer,The thermometer checks temperature.
thermometer,I use a thermometer when I am sick.
thermometer,The thermometer is in the box.
think,I think about my day.
think,Think before you speak.
think,It is good to think.
throw,Throw the ball to me.
throw,I throw paper in the bin.
throw,Throw your hands up.
thunder,Thunder is loud.
thunder,I hear thunder at night.
thunder,Thunder comes with rain.
thursday,Thursday is before Friday.
thursday,We have art on Thursday.
thursday,Thursday is a school day.
ticket,I have a ticket.
ticket,The ticket is for the bus.
ticket,"Show your ticket, please."
ticktacktoe,I play ticktacktoe with a friend.
ticktacktoe,Ticktacktoe uses X and O.
ticktacktoe,Let’s draw a ticktacktoe game.
tie,The tie is blue.
tie,I wear a tie at school.
tie,Tie your tie neatly.
tiger,The tiger has stripes.
tiger,I see a tiger at the zoo.
tiger,Tigers are big cats.
tights,The tights are soft.
tights,Wear tights in winter.
tights,My tights are pink.
tired,I feel tired after running.
tired,Let’s rest if you are tired.
tired,Tired eyes need sleep.
toast,I eat toast for breakfast.
toast,The toast is warm and crisp.
toast,Put jam on your toast.
today,Today is a sunny day.
today,I go to school today.
today,Today we play outside.
toiletries,Toiletries are in my bag.
toiletries,I use toiletries every day.
toiletries,Soap and toothpaste are toiletries.
toilet,The toilet is clean.
toilet,Wash hands after using the toilet.
toilet,The toilet paper is next to the toilet.
tomato,The tomato is red.
tomato,I eat tomato in salad.
tomato,Tomatoes grow in the garden.
tomorrow,Tomorrow is a new day.
tomorrow,We go to the park tomorrow.
tomorrow,Tomorrow comes after today.
tongue,Stick out your tongue.
tongue,The tongue helps me taste.
tongue,My tongue is pink.
toothbrush,I use a toothbrush every morning.
toothbrush,The toothbrush is blue.
toothbrush,Put toothpaste on the toothbrush.
toothpaste,Toothpaste cleans my teeth.
toothpaste,Squeeze the toothpaste tube.
toothpaste,The toothpaste is minty.
tortoise,The tortoise moves slowly.
tortoise,A tortoise has a hard shell.
tortoise,I see a tortoise in the garden.
touch,Touch your nose.
touch,I can touch my toes.
touch,Touch the soft pillow.
towel,Dry your hands with a towel.
towel,The towel is soft.
towel,Hang the towel to dry.
toys,I have many toys.
toys,Toys are in the box.
toys,Let’s play with toys.
toy_kitchen,I play with my toy kitchen.
toy_kitchen,The toy kitchen has small pots.
toy_kitchen,Let’s cook in the toy kitchen.
tracksuit,The tracksuit is comfy.
tracksuit,Wear a tracksuit for sports.
tracksuit,My tracksuit is green.
tractor,The tractor is big and loud.
tractor,I see a tractor on the farm.
tractor,The tractor pulls the trailer.
train_station,The train station is busy.
train_station,Wait at the train station.
train_station,Trains stop at the train station.
transport,Buses are a kind of transport.
transport,We use transport to travel.
transport,Transport helps us go far.
travel,I like to travel.
travel,Travel can be by car or train.
travel,We travel to new places.
tree,The tree is tall and green.
tree,Birds sit in the tree.
tree,I see apples on the tree.
trip,We go on a trip.
trip,The trip was fun.
trip,Pack snacks for the trip.
tronca,The tronca is on the ground.
tronca,I see a tronca in the park.
tronca,Let’s climb on the tronca.
trousers,I wear trousers to school.
trousers,The trousers are blue.
trousers,Trousers keep my legs warm.
trumpet,The trumpet is loud.
trumpet,I play the trumpet.
trumpet,The trumpet is shiny and gold.
trunk,The trunk is big and strong.
trunk,Elephants have a long trunk.
trunk,Put toys in the trunk.
tuesday,Tuesday is after Monday.
tuesday,We have gym on Tuesday.
tuesday,Tuesday is a school day.
t_shirt,I wear a t-shirt.
t_shirt,The t-shirt is soft.
t_shirt,My t-shirt has a picture.
ugly,The monster looks ugly.
ugly,Some bugs are ugly.
ugly,Ugly things can be funny.
umbrella,Use an umbrella in the rain.
umbrella,The umbrella is blue.
umbrella,Hold the umbrella over your head.
uncomfortable,This chair is uncomfortable.
uncomfortable,I feel uncomfortable in tight shoes.
uncomfortable,Uncomfortable clothes are not nice.
underpants,I wear underpants every day.
underpants,Underpants go under my clothes.
underpants,My underpants are clean.
under,The cat is under the table.
under,Look under your bed.
under,The ball rolled under the chair.
undress,Time to undress for a bath.
undress,Undress before putting on pajamas.
undress,I can undress by myself.
uneven,The ground is uneven.
uneven,Be careful on uneven steps.
uneven,Uneven roads are bumpy.
up,Look up at the sky.
up,The balloon goes up.
up,Climb up the ladder.
use,Use a pencil to write.
use,I use a spoon to eat.
use,Use your words to ask.
vagina,The vagina is a body part.
vagina,Doctors help care for the vagina.
vagina,Everyone has private body parts.
vampire,A vampire sleeps in a coffin.
vampire,Vampires have sharp teeth.
vampire,Some stories have vampires.
van,The van is big and white.
van,We ride in a van to school.
van,The van has many seats.
vegetable,Carrot is a vegetable.
vegetable,Vegetables are good for you.
vegetable,I eat a green vegetable.
verbs,Run is a verb.
verbs,Verbs are action words.
verbs,We learn verbs in class.
video_camera,The video camera records movies.
video_camera,I see a video camera.
video_camera,Let’s use a video camera.
village,The village is small.
village,People live in the village.
village,We visit the village.
vinegar,Vinegar tastes sour.
vinegar,We use vinegar in salad.
vinegar,The bottle has vinegar.
visit,I visit my friend.
visit,Let’s visit the zoo.
visit,We visit grandma’s house.
vitamin,Vitamins help us grow.
vitamin,I take a vitamin every day.
vitamin,Fruits have vitamins.
waistcoat,The waistcoat is black.
waistcoat,Wear a waistcoat for a party.
waistcoat,The waistcoat has buttons.
wait,Please wait your turn.
wait,Wait at the bus stop.
wait,I wait for my snack.
wake_up,I wake up early.
wake_up,Wake up when the sun rises.
wake_up,It’s time to wake up.
walker,The walker helps with walking.
walker,Use a walker if you need help.
walker,The walker has four wheels.
walk,Let’s go for a walk.
walk,I walk to the park.
walk,Walk slowly on wet floors.
wall_lizard,The wall lizard is small.
wall_lizard,I see a wall lizard on the wall.
wall_lizard,Wall lizards move quickly.
want,I want a cookie.
want,Do you want to play?
want,We want to go outside.
wardrobe,Clothes are in the wardrobe.
wardrobe,The wardrobe is brown.
wardrobe,Open the wardrobe to find shoes.
wash,Wash your hands before eating.
wash,I wash my face every day.
wash,Wash the apples before eating.
watch,I wear a watch on my wrist.
watch,The watch shows the time.
watch,Look at the watch to see the hour.
waterproof,My coat is waterproof.
waterproof,Waterproof boots keep feet dry.
waterproof,Use a waterproof bag in the rain.
water,Drink water every day.
water,Water is clear.
water,Plants need water to grow.
weak,I feel weak when I am sick.
weak,The bridge is weak and old.
weak,Weak things can break easily.
wednesday,Wednesday is in the middle of the week.
wednesday,We have music on Wednesday.
wednesday,Wednesday comes after Tuesday.
weekend,The weekend is Saturday and Sunday.
weekend,I play on the weekend.
weekend,No school on the weekend.
week,A week has seven days.
week,We go to school every week.
week,The week starts on Monday.
well,I feel well today.
well,Drink water to stay well.
well,I hope you are well.
wet,My shoes are wet.
wet,Don’t sit on the wet bench.
wet,The grass is wet in the morning.
whale,The whale is very big.
whale,Whales live in the sea.
whale,I saw a whale on TV.
what,What is your name?
what,What do you see?
what,What is for lunch?
wheelchair,The wheelchair helps people move.
wheelchair,I see a wheelchair at school.
wheelchair,The wheelchair has big wheels.
wheel,The car has four wheels.
wheel,Turn the wheel to drive.
wheel,The wheel spins fast.
when,When do we eat?
when,When is your birthday?
when,When can we play?
where,Where is my bag?
where,Where do you live?
where,Where are we going?
white,The snow is white.
white,I have a white shirt.
white,Milk is white.
whose,Whose book is this?
whose,Whose shoes are on the floor?
whose,Whose turn is it?
who,Who is at the door?
who,Who wants to play?
who,Who made this drawing?
why,Why is the sky blue?
why,Why are you sad?
why,Why do we eat lunch?
window,Look out the window.
window,The window is open.
window,"Close the window, please."
winter,Winter is cold.
winter,I wear a coat in winter.
winter,Snow falls in winter.
win,I want to win the game.
win,Win a prize for your team.
win,It feels good to win.
with,I play with my friend.
with,Eat soup with a spoon.
with,Draw with a pencil.
wolf,The wolf howls at night.
wolf,A wolf lives in the forest.
wolf,I read a story about a wolf.
woman,A woman is reading a book.
woman,The woman is kind.
woman,I see a woman at the park.
wood,The table is made of wood.
wood,Wood comes from trees.
wood,We build with wood.
work,I do my work at school.
work,Work hard and do your best.
work,Work can be fun.
worm,The worm is in the soil.
worm,Worms are small and wiggly.
worm,I found a worm in the garden.
write,I write my name.
write,Write with a pencil.
write,Can you write a letter?
year,A year has twelve months.
year,This year is fun.
year,We start school every year.
yellow,The sun is yellow.
yellow,I have a yellow ball.
yellow,Bananas are yellow.
yesterday,Yesterday was fun.
yesterday,I saw a movie yesterday.
yesterday,Yesterday comes before today.
yes,"Yes, I want some juice."
yes,"Yes, let's play outside."
yes,Say yes if you agree.
yogurt,I eat yogurt for breakfast.
yogurt,Yogurt is cold and tasty.
yogurt,Strawberry yogurt is my favorite.
young,The puppy is young.
young,Young children play together.
young,A young tree is small.
your,Your shoes are here.
your,Brush your teeth.
your,Is this your bag?
you,You are my friend.
you,Can you help me?
you,You can do it!
zebra,The zebra has stripes.
zebra,I saw a zebra at the zoo.
zebra,Zebras run fast.
read book,I like to read a book.
read book,Read a book with me.
yellow flower,The flower is yellow.
yellow flower,I see a yellow flower.
ride a bike fast,Ride a bike fast in the park.
ride a bike fast,Can you ride a bike fast?
eat sandwich,I eat a sandwich for lunch.
eat sandwich,Eat the sandwich now.
sleeping bag camp,I sleep in a sleeping bag at camp.
sleeping bag camp,Take your sleeping bag to camp.
draw rectangle,Draw a rectangle on the paper.
draw rectangle,Can you draw a rectangle?
run fast,I can run fast.
run fast,Run fast in the playground.
blue shoes,The shoes are blue.
blue shoes,I wear blue shoes.
play soccer,I play soccer with friends.
play soccer,Soccer is a fun game.
swim pool,Swim in the pool.
swim pool,The pool is for swimming.
eat salad,I eat salad at lunch.
eat salad,The salad is tasty.
school teacher,The teacher is at school.
school teacher,I listen to my school teacher.
ride sledge snow,Ride the sledge on the snow.
ride sledge snow,The sledge slides on snow.
sit chair,Sit on the chair.
sit chair,The chair is for sitting.
drink water,Drink water every day.
drink water,Water is good for you.
wash hands soap,Wash your hands with soap.
wash hands soap,Use soap to wash hands.
school bag,Take your bag to school.
school bag,The bag is for school.
read newspaper,Read the newspaper every morning.
read newspaper,The newspaper has news.
play with toys,Play with toys in the room.
play with toys,I have many toys to play with.
sweet strawberry,The strawberry is sweet.
sweet strawberry,I eat a sweet strawberry.
draw square,Draw a square on the paper.
draw square,The square has four sides.
eat soup,Eat soup with a spoon.
eat soup,The soup is hot.
play with friends,Play with friends at school.
play with friends,Friends make playtime fun.
wear shoes,Wear your shoes before going out.
wear shoes,Put on your shoes.
ride tractor,Ride the tractor on the farm.
ride tractor,The tractor is big and loud.
sit sofa,Sit on the sofa.
sit sofa,The sofa is soft.
climb stairs,Climb the stairs slowly.
climb stairs,The stairs are long.
wear scarf,Wear a scarf in winter.
wear scarf,The scarf keeps you warm.
drink milk,Drink milk every morning.
drink milk,Milk is good for you.
see whale,I see a whale in the sea.
see whale,The whale is very big.
eat tomato salad,Eat tomato salad at lunch.
eat tomato salad,Tomato salad is tasty.
play soccer game,Play a soccer game with friends.
play soccer game,The soccer game is fun.
jump rope,Jump rope in the playground.
jump rope,Jumping rope is fun.
wear t shirt,Wear a t shirt today.
wear t shirt,The t shirt is soft.
eat sweet strawberry,Eat a sweet strawberry.
eat sweet strawberry,The strawberry is very sweet.
wash with water,Wash your hands with water.
wash with water,Use water to wash your face.
ride sledge snow,Ride the sledge on the snow.
ride sledge snow,Snow is good for sledging.
see spider web,I see a spider web.
see spider web,The spider made a web.
wear socks shoes,Wear socks with your shoes.
wear socks shoes,Put on socks before shoes.
sit schoolyard,Sit in the schoolyard.
sit schoolyard,The schoolyard is big.
use scissors,Use scissors to cut paper.
use scissors,Be careful with scissors.
draw rhombus,Draw a rhombus in your book.
draw rhombus,A rhombus has four sides.
eat sausage sandwich,Eat a sausage sandwich for lunch.
eat sausage sandwich,The sausage sandwich is tasty.
see red rose,I see a red rose.
see red rose,The rose is red and pretty.
wear swimsuit swim,Wear your swimsuit to swim.
wear swimsuit swim,Put on a swimsuit before swimming.
wash face soap,Wash your face with soap.
wash face soap,Soap helps clean your face.
see silver ring,I see a silver ring.
see silver ring,The ring is shiny and silver.
play with toys,Play with toys at home.
play with toys,Toys are fun to play with.
eat salty chips,Eat salty chips for a snack.
eat salty chips,The chips are very salty.
use shampoo hair,Use shampoo to wash your hair.
use shampoo hair,Shampoo makes hair clean.
wear hat winter,Wear a hat in winter.
wear hat winter,"Winter is cold, wear a hat."
see blue sea,I see the blue sea.
see blue sea,The sea is blue and big.
eat sweet cake,Eat a sweet cake for dessert.
eat sweet cake,The cake is sweet and yummy.
run street,Run on the street carefully.
run street,Do not run fast on the street.
see green tree,I see a green tree.
see green tree,The tree is tall and green.
sit table,Sit at the table.
sit table,The table is round.
play with dog,Play with the dog in the yard.
play with dog,The dog likes to play.
eat soup spoon,Eat soup with a spoon.
eat soup spoon,Use a spoon to eat soup.
see white sheep,I see a white sheep.
see white sheep,The sheep is white and fluffy.
ride train station,Ride the train from the station.
ride train station,The train station is busy.
eat salad fork,Eat salad with a fork.
eat salad fork,Use a fork to eat the salad.
yellow sun,The sun is yellow.
yellow sun,I see the yellow sun in the sky.
blue sea,The sea is blue.
blue sea,We swim in the blue sea.
red tomato,The tomato is red.
red tomato,I eat a red tomato.
green salad,The salad is green.
green salad,Eat green salad for lunch.
white sheep,The sheep is white.
white sheep,I see a white sheep.
brown wood,The wood is brown.
brown wood,We build with brown wood.
eat sandwich,I eat a sandwich.
eat sandwich,Eat a sandwich for lunch.
drink water,Drink water every day.
drink water,Water is good for you.
wash hands,Wash your hands before eating.
wash hands,Wash your hands with soap.
wear shoes,Wear your shoes outside.
wear shoes,Put on your shoes.
play soccer,I play soccer with friends.
play soccer,Soccer is a fun game.
ride bike,I can ride a bike.
ride bike,Let's ride a bike together.
sit chair,Sit on the chair.
sit chair,The chair is for sitting.
draw rectangle,Draw a rectangle on the paper.
draw rectangle,Can you draw a rectangle?
draw square,Draw a square on the board.
draw square,The square has four sides.
eat soup,Eat soup with a spoon.
eat soup,The soup is hot.
read book,I like to read a book.
read book,Read a book with me.
see whale,I see a whale in the sea.
see whale,The whale is very big.
run fast,I can run fast.
run fast,Run fast in the playground.
sleep bed,Sleep in your bed.
sleep bed,The bed is soft for sleeping.
ride sledge,Ride the sledge in the snow.
ride sledge,The sledge goes fast on snow.
climb stairs,Climb the stairs slowly.
climb stairs,Go up the stairs.
sit sofa,Sit on the sofa.
sit sofa,The sofa is soft.
see spider,I see a spider on the wall.
see spider,The spider spins a web.
eat cake,Eat cake for dessert.
eat cake,The cake is sweet.
eat salad,Eat salad at lunch.
eat salad,The salad is tasty.
play with toys,Play with toys in the room.
play with toys,I have many toys to play with.
drink milk,Drink milk every morning.
drink milk,Milk is good for you.
eat sweet strawberry,Eat a sweet strawberry.
eat sweet strawberry,The strawberry is very sweet.
wear socks,Wear socks with your shoes.
wear socks,Put on your socks.
wear scarf,Wear a scarf in winter.
wear scarf,The scarf keeps you warm.
wear t shirt,Wear a t shirt today.
wear t shirt,The t shirt is soft.
see blue sky,I see the blue sky.
see blue sky,The sky is blue.
see green tree,I see a green tree.
see green tree,The tree is tall and green.
see red rose,I see a red rose.
see red rose,The rose is red and pretty.
eat sandwich cheese,Eat a sandwich with cheese.
eat sandwich cheese,The sandwich has cheese inside.
wash face soap,Wash your face with soap.
wash face soap,Soap helps clean your face.
eat sausage sandwich,Eat a sausage sandwich for lunch.
eat sausage sandwich,The sausage sandwich is tasty.
see silver ring,I see a silver ring.
see silver ring,The ring is shiny and silver.
see white sheep,I see a white sheep.
see white sheep,The sheep is white and fluffy.
ride train station,Ride the train from the station.
ride train station,The train station is busy.
eat salad fork,Eat salad with a fork.
eat salad fork,Use a fork to eat the salad.
play soccer game,Play a soccer game with friends.
play soccer game,The soccer game is fun.
run street,Run on the street carefully.
run street,Do not run fast on the street.
see yellow flower,I see a yellow flower.
see yellow flower,The flower is yellow.
see blue shoes,I see blue shoes.
see blue shoes,The shoes are blue.
eat salty chips,Eat salty chips for a snack.
eat salty chips,The chips are very salty.
use shampoo hair,Use shampoo to wash your hair.
use shampoo hair,Shampoo makes hair clean.
sit table,Sit at the table.
sit table,The table is round.
see river,I see the river.
see river,The river is long.
see snail,I see a snail outside.
see snail,The snail moves slowly.
see spider web,I see a spider web.
see spider web,The spider made a web.
eat soup spoon,Eat soup with a spoon.
eat soup spoon,Use a spoon to eat soup.
wash with water,Wash your hands with water.
wash with water,Use water to wash your face.
play with dog,Play with the dog in the yard.
play with dog,The dog likes to play.
